explainer,strategy,operation,n_items,human_valid_rate,label_preserved_rate,fluent_rate,metric_accept_rate
occlusion,lm,ablate,139.0,0.7410071942446043,0.8983050847457628,0.9548872180451128,0.8057553956834532
occlusion,lm,inject,75.0,0.41333333333333333,0.78125,0.7704918032786885,0.37333333333333335
occlusion,prefix,inject,46.0,0.2391304347826087,0.8108108108108109,0.42105263157894735,0.4782608695652174
occlusion,insitu,ablate,88.0,0.19318181818181818,0.7368421052631579,0.43548387096774194,0.375
occlusion,random,inject,35.0,0.08571428571428572,0.8095238095238095,0.21739130434782608,0.3142857142857143
